<application>
  <component name="ProjectJdkTable">
    <jdk version="2">
      <name value="1.8" />
      <type value="JavaSDK" />
      <version value="java version &quot;1.8.0_275&quot;" />
      <homePath value="$USER_HOME$/.sdkman/candidates/java/8.0.275-zulu/zulu-8.jdk/Contents/Home" />
      <roots>
        <annotationsPath>
          <root type="composite">
            <root url="jar://$APPLICATION_HOME_DIR$/plugins/java/lib/jdkAnnotations.jar!/" type="simple" />
          </root>
        </annotationsPath>
        <classPath>
          <root type="composite">
            <root url="jar://$USER_HOME$/.sdkman/candidates/java/8.0.275-zulu/zulu-8.jdk/Contents/Home/jre/lib/charsets.jar!/" type="simple" />
            <root url="jar://$USER_HOME$/.sdkman/candidates/java/8.0.275-zulu/zulu-8.jdk/Contents/Home/jre/lib/ext/cldrdata.jar!/" type="simple" />
            <root url="jar://$USER_HOME$/.sdkman/candidates/java/8.0.275-zulu/zulu-8.jdk/Contents/Home/jre/lib/ext/dnsns.jar!/" type="simple" />
            <root url="jar://$USER_HOME$/.sdkman/candidates/java/8.0.275-zulu/zulu-8.jdk/Contents/Home/jre/lib/ext/jaccess.jar!/" type="simple" />
            <root url="jar://$USER_HOME$/.sdkman/candidates/java/8.0.275-zulu/zulu-8.jdk/Contents/Home/jre/lib/ext/legacy8ujsse.jar!/" type="simple" />
            <root url="jar://$USER_HOME$/.sdkman/candidates/java/8.0.275-zulu/zulu-8.jdk/Contents/Home/jre/lib/ext/localedata.jar!/" type="simple" />
            <root url="jar://$USER_HOME$/.sdkman/candidates/java/8.0.275-zulu/zulu-8.jdk/Contents/Home/jre/lib/ext/nashorn.jar!/" type="simple" />
            <root url="jar://$USER_HOME$/.sdkman/candidates/java/8.0.275-zulu/zulu-8.jdk/Contents/Home/jre/lib/ext/openjsse.jar!/" type="simple" />
            <root url="jar://$USER_HOME$/.sdkman/candidates/java/8.0.275-zulu/zulu-8.jdk/Contents/Home/jre/lib/ext/sunec.jar!/" type="simple" />
            <root url="jar://$USER_HOME$/.sdkman/candidates/java/8.0.275-zulu/zulu-8.jdk/Contents/Home/jre/lib/ext/sunjce_provider.jar!/" type="simple" />
            <root url="jar://$USER_HOME$/.sdkman/candidates/java/8.0.275-zulu/zulu-8.jdk/Contents/Home/jre/lib/ext/sunpkcs11.jar!/" type="simple" />
            <root url="jar://$USER_HOME$/.sdkman/candidates/java/8.0.275-zulu/zulu-8.jdk/Contents/Home/jre/lib/ext/zipfs.jar!/" type="simple" />
            <root url="jar://$USER_HOME$/.sdkman/candidates/java/8.0.275-zulu/zulu-8.jdk/Contents/Home/jre/lib/jce.jar!/" type="simple" />
            <root url="jar://$USER_HOME$/.sdkman/candidates/java/8.0.275-zulu/zulu-8.jdk/Contents/Home/jre/lib/jfr.jar!/" type="simple" />
            <root url="jar://$USER_HOME$/.sdkman/candidates/java/8.0.275-zulu/zulu-8.jdk/Contents/Home/jre/lib/jsse.jar!/" type="simple" />
            <root url="jar://$USER_HOME$/.sdkman/candidates/java/8.0.275-zulu/zulu-8.jdk/Contents/Home/jre/lib/management-agent.jar!/" type="simple" />
            <root url="jar://$USER_HOME$/.sdkman/candidates/java/8.0.275-zulu/zulu-8.jdk/Contents/Home/jre/lib/resources.jar!/" type="simple" />
            <root url="jar://$USER_HOME$/.sdkman/candidates/java/8.0.275-zulu/zulu-8.jdk/Contents/Home/jre/lib/rt.jar!/" type="simple" />
            <root url="jar://$USER_HOME$/.sdkman/candidates/java/8.0.275-zulu/zulu-8.jdk/Contents/Home/lib/dt.jar!/" type="simple" />
            <root url="jar://$USER_HOME$/.sdkman/candidates/java/8.0.275-zulu/zulu-8.jdk/Contents/Home/lib/jconsole.jar!/" type="simple" />
            <root url="jar://$USER_HOME$/.sdkman/candidates/java/8.0.275-zulu/zulu-8.jdk/Contents/Home/lib/sa-jdi.jar!/" type="simple" />
            <root url="jar://$USER_HOME$/.sdkman/candidates/java/8.0.275-zulu/zulu-8.jdk/Contents/Home/lib/tools.jar!/" type="simple" />
          </root>
        </classPath>
        <javadocPath>
          <root type="composite" />
        </javadocPath>
        <sourcePath>
          <root type="composite">
            <root url="jar://$USER_HOME$/.sdkman/candidates/java/8.0.275-zulu/zulu-8.jdk/Contents/Home/src.zip!/" type="simple" />
          </root>
        </sourcePath>
      </roots>
      <additional />
    </jdk>
    <jdk version="2">
      <name value="Android API 30 Platform" />
      <type value="Android SDK" />
      <version value="java version &quot;1.8.0_275&quot;" />
      <homePath value="$USER_HOME$/Documents/SDK/Android" />
      <roots>
        <annotationsPath>
          <root type="composite">
            <root url="jar://$USER_HOME$/Documents/SDK/Android/platforms/android-30/data/annotations.zip!/" type="simple" />
          </root>
        </annotationsPath>
        <classPath>
          <root type="composite">
            <root url="jar://$USER_HOME$/Documents/SDK/Android/platforms/android-30/android.jar!/" type="simple" />
            <root url="file://$USER_HOME$/Documents/SDK/Android/platforms/android-30/data/res" type="simple" />
          </root>
        </classPath>
        <javadocPath>
          <root type="composite" />
        </javadocPath>
        <sourcePath>
          <root type="composite">
            <root url="file://$USER_HOME$/Documents/SDK/Android/sources/android-30" type="simple" />
          </root>
        </sourcePath>
      </roots>
      <additional jdk="1.8" sdk="android-30" />
    </jdk>
    <jdk version="2">
      <name value="1.8 (2)" />
      <type value="JavaSDK" />
      <version value="java version &quot;1.8.0_275&quot;" />
      <homePath value="$USER_HOME$/.sdkman/candidates/java/current" />
      <roots>
        <annotationsPath>
          <root type="composite">
            <root url="jar://$APPLICATION_HOME_DIR$/plugins/java/lib/jdkAnnotations.jar!/" type="simple" />
          </root>
        </annotationsPath>
        <classPath>
          <root type="composite">
            <root url="jar://$USER_HOME$/.sdkman/candidates/java/current/jre/lib/charsets.jar!/" type="simple" />
            <root url="jar://$USER_HOME$/.sdkman/candidates/java/current/jre/lib/ext/cldrdata.jar!/" type="simple" />
            <root url="jar://$USER_HOME$/.sdkman/candidates/java/current/jre/lib/ext/dnsns.jar!/" type="simple" />
            <root url="jar://$USER_HOME$/.sdkman/candidates/java/current/jre/lib/ext/jaccess.jar!/" type="simple" />
            <root url="jar://$USER_HOME$/.sdkman/candidates/java/current/jre/lib/ext/legacy8ujsse.jar!/" type="simple" />
            <root url="jar://$USER_HOME$/.sdkman/candidates/java/current/jre/lib/ext/localedata.jar!/" type="simple" />
            <root url="jar://$USER_HOME$/.sdkman/candidates/java/current/jre/lib/ext/nashorn.jar!/" type="simple" />
            <root url="jar://$USER_HOME$/.sdkman/candidates/java/current/jre/lib/ext/openjsse.jar!/" type="simple" />
            <root url="jar://$USER_HOME$/.sdkman/candidates/java/current/jre/lib/ext/sunec.jar!/" type="simple" />
            <root url="jar://$USER_HOME$/.sdkman/candidates/java/current/jre/lib/ext/sunjce_provider.jar!/" type="simple" />
            <root url="jar://$USER_HOME$/.sdkman/candidates/java/current/jre/lib/ext/sunpkcs11.jar!/" type="simple" />
            <root url="jar://$USER_HOME$/.sdkman/candidates/java/current/jre/lib/ext/zipfs.jar!/" type="simple" />
            <root url="jar://$USER_HOME$/.sdkman/candidates/java/current/jre/lib/jce.jar!/" type="simple" />
            <root url="jar://$USER_HOME$/.sdkman/candidates/java/current/jre/lib/jfr.jar!/" type="simple" />
            <root url="jar://$USER_HOME$/.sdkman/candidates/java/current/jre/lib/jsse.jar!/" type="simple" />
            <root url="jar://$USER_HOME$/.sdkman/candidates/java/current/jre/lib/management-agent.jar!/" type="simple" />
            <root url="jar://$USER_HOME$/.sdkman/candidates/java/current/jre/lib/resources.jar!/" type="simple" />
            <root url="jar://$USER_HOME$/.sdkman/candidates/java/current/jre/lib/rt.jar!/" type="simple" />
            <root url="jar://$USER_HOME$/.sdkman/candidates/java/current/lib/dt.jar!/" type="simple" />
            <root url="jar://$USER_HOME$/.sdkman/candidates/java/current/lib/jconsole.jar!/" type="simple" />
            <root url="jar://$USER_HOME$/.sdkman/candidates/java/current/lib/sa-jdi.jar!/" type="simple" />
            <root url="jar://$USER_HOME$/.sdkman/candidates/java/current/lib/tools.jar!/" type="simple" />
          </root>
        </classPath>
        <javadocPath>
          <root type="composite" />
        </javadocPath>
        <sourcePath>
          <root type="composite">
            <root url="jar://$USER_HOME$/.sdkman/candidates/java/current/src.zip!/" type="simple" />
          </root>
        </sourcePath>
      </roots>
      <additional />
    </jdk>
    <jdk version="2">
      <name value="Kotlin SDK" />
      <type value="KotlinSDK" />
      <homePath value="$KOTLIN_BUNDLED$" />
      <roots>
        <annotationsPath>
          <root type="composite" />
        </annotationsPath>
        <classPath>
          <root type="composite" />
        </classPath>
        <javadocPath>
          <root type="composite" />
        </javadocPath>
        <sourcePath>
          <root type="composite" />
        </sourcePath>
      </roots>
      <additional />
    </jdk>
    <jdk version="2">
      <name value="1.8 (3)" />
      <type value="JavaSDK" />
      <version value="java version &quot;1.8.0_242&quot;" />
      <homePath value="$APPLICATION_HOME_DIR$/jre/jdk/Contents/Home" />
      <roots>
        <annotationsPath>
          <root type="composite">
            <root url="jar://$APPLICATION_HOME_DIR$/plugins/java/lib/jdkAnnotations.jar!/" type="simple" />
          </root>
        </annotationsPath>
        <classPath>
          <root type="composite">
            <root url="jar://$APPLICATION_HOME_DIR$/jre/jdk/Contents/Home/jre/lib/charsets.jar!/" type="simple" />
            <root url="jar://$APPLICATION_HOME_DIR$/jre/jdk/Contents/Home/jre/lib/ext/cldrdata.jar!/" type="simple" />
            <root url="jar://$APPLICATION_HOME_DIR$/jre/jdk/Contents/Home/jre/lib/ext/dnsns.jar!/" type="simple" />
            <root url="jar://$APPLICATION_HOME_DIR$/jre/jdk/Contents/Home/jre/lib/ext/jaccess.jar!/" type="simple" />
            <root url="jar://$APPLICATION_HOME_DIR$/jre/jdk/Contents/Home/jre/lib/ext/localedata.jar!/" type="simple" />
            <root url="jar://$APPLICATION_HOME_DIR$/jre/jdk/Contents/Home/jre/lib/ext/nashorn.jar!/" type="simple" />
            <root url="jar://$APPLICATION_HOME_DIR$/jre/jdk/Contents/Home/jre/lib/ext/sunec.jar!/" type="simple" />
            <root url="jar://$APPLICATION_HOME_DIR$/jre/jdk/Contents/Home/jre/lib/ext/sunjce_provider.jar!/" type="simple" />
            <root url="jar://$APPLICATION_HOME_DIR$/jre/jdk/Contents/Home/jre/lib/ext/sunpkcs11.jar!/" type="simple" />
            <root url="jar://$APPLICATION_HOME_DIR$/jre/jdk/Contents/Home/jre/lib/ext/zipfs.jar!/" type="simple" />
            <root url="jar://$APPLICATION_HOME_DIR$/jre/jdk/Contents/Home/jre/lib/jce.jar!/" type="simple" />
            <root url="jar://$APPLICATION_HOME_DIR$/jre/jdk/Contents/Home/jre/lib/jsse.jar!/" type="simple" />
            <root url="jar://$APPLICATION_HOME_DIR$/jre/jdk/Contents/Home/jre/lib/management-agent.jar!/" type="simple" />
            <root url="jar://$APPLICATION_HOME_DIR$/jre/jdk/Contents/Home/jre/lib/resources.jar!/" type="simple" />
            <root url="jar://$APPLICATION_HOME_DIR$/jre/jdk/Contents/Home/jre/lib/rt.jar!/" type="simple" />
            <root url="jar://$APPLICATION_HOME_DIR$/jre/jdk/Contents/Home/lib/dt.jar!/" type="simple" />
            <root url="jar://$APPLICATION_HOME_DIR$/jre/jdk/Contents/Home/lib/jconsole.jar!/" type="simple" />
            <root url="jar://$APPLICATION_HOME_DIR$/jre/jdk/Contents/Home/lib/sa-jdi.jar!/" type="simple" />
            <root url="jar://$APPLICATION_HOME_DIR$/jre/jdk/Contents/Home/lib/tools.jar!/" type="simple" />
          </root>
        </classPath>
        <javadocPath>
          <root type="composite">
            <root url="https://docs.oracle.com/javase/8/docs/api/" type="simple" />
          </root>
        </javadocPath>
        <sourcePath>
          <root type="composite" />
        </sourcePath>
      </roots>
      <additional />
    </jdk>
    <jdk version="2">
      <name value="Android API 29 Platform" />
      <type value="Android SDK" />
      <version value="java version &quot;1.8.0_242&quot;" />
      <homePath value="$USER_HOME$/Documents/SDK/Android" />
      <roots>
        <annotationsPath>
          <root type="composite">
            <root url="jar://$USER_HOME$/Documents/SDK/Android/platforms/android-29/data/annotations.zip!/" type="simple" />
          </root>
        </annotationsPath>
        <classPath>
          <root type="composite">
            <root url="jar://$USER_HOME$/Documents/SDK/Android/platforms/android-29/android.jar!/" type="simple" />
            <root url="file://$USER_HOME$/Documents/SDK/Android/platforms/android-29/data/res" type="simple" />
          </root>
        </classPath>
        <javadocPath>
          <root type="composite" />
        </javadocPath>
        <sourcePath>
          <root type="composite">
            <root url="file://$USER_HOME$/Documents/SDK/Android/sources/android-29" type="simple" />
          </root>
        </sourcePath>
      </roots>
      <additional jdk="1.8 (3)" sdk="android-29" />
    </jdk>
  </component>
</application>