<keymap version="1" name="macOS copy" parent="Mac OS X 10.5+">
  <action id="ActivateTerminalToolWindow">
    <keyboard-shortcut first-keystroke="alt f12" />
    <keyboard-shortcut first-keystroke="shift meta t" />
  </action>
  <action id="Android.CleanRun" />
  <action id="ChangesView.Diff" />
  <action id="CheckinProject" />
  <action id="CompareTwoFiles" />
  <action id="Diff.ShowDiff" />
  <action id="EditorDeleteLine">
    <keyboard-shortcut first-keystroke="meta back_space" />
    <keyboard-shortcut first-keystroke="meta d" />
  </action>
  <action id="EditorDuplicate" />
  <action id="FileChooser.GotoDesktop" />
  <action id="Github.PullRequest.Details.Reload" />
  <action id="Github.PullRequest.Timeline.Update" />
  <action id="GotoDeclaration">
    <mouse-shortcut keystroke="meta button1" />
    <mouse-shortcut keystroke="Force touch" />
  </action>
  <action id="GotoLine" />
  <action id="GotoTest" />
  <action id="ImplementMethods">
    <keyboard-shortcut first-keystroke="ctrl i" />
    <keyboard-shortcut first-keystroke="alt i" />
  </action>
  <action id="OptimizeImports">
    <keyboard-shortcut first-keystroke="meta k" />
  </action>
  <action id="RebuildGradleProject">
    <keyboard-shortcut first-keystroke="meta b" />
  </action>
  <action id="ReformatCode">
    <keyboard-shortcut first-keystroke="meta l" />
  </action>
  <action id="Refresh" />
  <action id="Replace" />
  <action id="ResourceExplorer.show" />
  <action id="Run">
    <keyboard-shortcut first-keystroke="meta r" />
  </action>
  <action id="RunDashboard.CopyConfiguration" />
  <action id="SendEOF" />
  <action id="ServiceView.ShowServices" />
  <action id="ShowReformatFileDialog">
    <keyboard-shortcut first-keystroke="shift meta l" />
  </action>
  <action id="Vcs.Log.FocusTextFilter" />
  <action id="Vcs.Log.Refresh" />
  <action id="XDebugger.CopyWatch" />
  <action id="android.deploy.ApplyChanges">
    <keyboard-shortcut first-keystroke="ctrl meta e" />
  </action>
  <action id="android.deploy.CodeSwap">
    <keyboard-shortcut first-keystroke="shift ctrl meta e" />
  </action>
  <action id="hg4idea.QRefresh" />
  <action id="openAssertEqualsDiff" />
</keymap>